status	note	url
200		https://dep.mohw.gov.tw/DOMA/cp-2710-7586-106.html
200		https://dep.mohw.gov.tw/DOMA/dl-13882-22bd0839-e9ad-45b6-8665-1bdd2344446a.html
200		https://ebook.nfa.gov.tw/1140527/
200		https://ebook.nfa.gov.tw/1140527/files/basic-html/page119.html
200		https://ebook.nfa.gov.tw/1140527/files/basic-html/page125.html
200		https://ebook.nfa.gov.tw/1140527/files/basic-html/page142.html
200		https://ebook.nfa.gov.tw/1140527/files/basic-html/page185.html
200		https://ebook.nfa.gov.tw/1140527/files/basic-html/page261.html
200		https://ebook.nfa.gov.tw/1140527/files/basic-html/page265.html
200		https://ebook.nfa.gov.tw/1140527/files/basic-html/page266.html
200		https://ebook.nfa.gov.tw/1140527/files/basic-html/page267.html
200		https://ebook.nfa.gov.tw/1140527/files/basic-html/page276.html
200		https://ebook.nfa.gov.tw/1140527/files/basic-html/page289.html
200		https://ebook.nfa.gov.tw/1140527/files/basic-html/page290.html
200		https://ebook.nfa.gov.tw/1140527/files/basic-html/page372.html
200		https://ebook.nfa.gov.tw/1140527/files/basic-html/page373.html
200		https://ems.mohw.gov.tw/
200		https://fdkc.kcg.gov.tw/cp.aspx?n=17D7056A665C7AF6
200		https://law.moj.gov.tw/LawClass/LawAll.aspx?pcode=L0020045
200		https://law.moj.gov.tw/LawClass/LawAll.aspx?pcode=L0020141
200		https://law.moj.gov.tw/LawClass/LawGetFile.ashx?FileId=0000368758&lan=C
200		https://law.moj.gov.tw/LawClass/LawGetFile.ashx?FileId=0000368759&lan=C
200		https://law.moj.gov.tw/LawClass/LawGetFile.ashx?FileId=0000368760&lan=C
200		https://law.moj.gov.tw/LawClass/LawSingle.aspx?pcode=H0020053&flno=2
200		https://law.moj.gov.tw/LawClass/LawSingle.aspx?pcode=H0020053&flno=5
200		https://law.moj.gov.tw/LawClass/LawSingle.aspx?pcode=L0020045&flno=14-1
200		https://law.moj.gov.tw/LawClass/LawSingle.aspx?pcode=L0020045&flno=14-2
200		https://law.moj.gov.tw/LawClass/LawSingle.aspx?pcode=L0020045&flno=24
200		https://law.moj.gov.tw/LawClass/LawSingle.aspx?pcode=L0020045&flno=26
200		https://law.moj.gov.tw/LawClass/LawSingle.aspx?pcode=L0020045&flno=4
200		https://law.moj.gov.tw/LawClass/LawSingle.aspx?pcode=L0020141&flno=10
200		https://law.moj.gov.tw/LawClass/LawSingle.aspx?pcode=L0020141&flno=11
200		https://law.moj.gov.tw/LawClass/LawSingle.aspx?pcode=L0020141&flno=13
200		https://law.moj.gov.tw/LawClass/LawSingle.aspx?pcode=L0020141&flno=14
200		https://law.moj.gov.tw/LawClass/LawSingle.aspx?pcode=L0020141&flno=15
200		https://law.moj.gov.tw/LawClass/LawSingle.aspx?pcode=L0020141&flno=19
200		https://law.moj.gov.tw/LawClass/LawSingle.aspx?pcode=L0020141&flno=2
200		https://law.moj.gov.tw/LawClass/LawSingle.aspx?pcode=L0020141&flno=3
200		https://law.moj.gov.tw/LawClass/LawSingle.aspx?pcode=L0020141&flno=4
200		https://law.moj.gov.tw/LawClass/LawSingle.aspx?pcode=L0020141&flno=6
200		https://law.moj.gov.tw/LawClass/LawSingle.aspx?pcode=L0020141&flno=8
200		https://law.moj.gov.tw/LawClass/LawSingle.aspx?pcode=L0020141&flno=9
203	NCBI 固定回 203（2xx，頁面內容正常）；同一筆書目以 E-utilities efetch 取得 200	https://pubmed.ncbi.nlm.nih.gov/41122888/
200		https://tw-aed.mohw.gov.tw/
200		https://tw-aed.mohw.gov.tw/UploadContent/completed.pdf
200		https://www.119.gov.taipei/cp.aspx?n=675099CCE2907150
200		https://www.disasterlearning.gov.taipei/tw/Knowledge/ugC_Knowledge_Detail.aspx?ID=120&TID=6
200		https://www.disasterlearning.gov.taipei/tw/Knowledge/ugC_Knowledge_Detail.aspx?ID=121&TID=6
200		https://www.disasterlearning.gov.taipei/tw/Knowledge/ugC_Knowledge_Detail.aspx?ID=122&TID=6
200		https://www.disasterlearning.gov.taipei/tw/Knowledge/ugC_Knowledge_Detail.aspx?ID=124&TID=6
200		https://www.nfa.gov.tw/pro/index.php?code=list&ids=810
200		https://www.redcross-class.org.tw/ClassInfo
200		https://www.redcross.org.tw/
200		https://www.sem.org.tw/
200		https://youtu.be/CKqW5FScAD8
